Date,AMZN,GE,GOOGL,HSY,MMM,MSFT,SHY
2012-01-01,9.130499839782717,69.24028015136719,16.208011627197266,44.83750915527344,46.04012680053711,22.132902145385746,71.18694305419922
2012-01-08,8.920999526977539,69.94570922851562,15.58389663696289,45.42115020751953,46.167137145996094,22.24312973022461,71.24590301513672
2012-01-15,9.546500205993652,71.0965805053711,14.611446380615234,45.46548843383789,47.29923248291016,23.39269256591797,71.22907257080078
2012-01-22,9.768500328063965,70.65106964111328,14.461589813232422,45.24384689331055,48.29878616333008,23.01475524902344,71.30488586425781
2012-01-29,9.383999824523926,70.61394500732422,14.869270324707031,45.18473434448242,48.44789505004883,23.80999755859375,71.23754119873047
2012-02-05,9.277000427246094,70.09417724609375,15.108144760131836,43.99527740478516,48.12208557128906,24.014711380004883,71.2130355834961
2012-02-12,9.125,71.57923126220703,15.07647705078125,44.96310806274414,48.35400772094727,24.605239868164062,71.15400695800781
2012-02-19,8.956500053405762,71.43074798583984,15.207633972167969,45.147796630859375,49.03623962402344,24.94951438903809,71.14559173583984
2012-02-26,8.96500015258789,71.0512466430664,15.490641593933104,45.59587478637695,48.65817642211914,25.42504119873047,71.15400695800781
2012-03-04,9.215999603271484,71.31342315673828,14.96701431274414,44.22792434692383,48.25787734985352,25.353710174560547,71.14134216308594
2012-03-11,9.2524995803833,75.65817260742188,15.585144996643066,44.71117401123047,49.79235458374024,25.83716583251953,71.09077453613281
2012-03-18,9.751999855041504,74.0850601196289,16.022748947143555,44.99368667602539,49.180809020996094,25.369558334350582,71.08232116699219
2012-03-25,10.125499725341797,75.17127227783203,15.98908519744873,45.59587478637695,49.59777069091797,25.56769180297852,71.12450408935547
2012-04-01,9.719499588012695,72.9989013671875,15.766668319702148,45.09775161743164,48.51918411254883,24.98120880126953,71.10763549804688
2012-04-08,9.42300033569336,70.71416473388672,15.574173927307127,45.86351013183594,47.6407585144043,24.418500900268555,71.22573852539062
2012-04-15,9.49899959564209,72.51197052001953,14.86253833770752,46.94895553588867,48.63594436645508,25.69450187683105,71.25104522705078
2012-04-22,11.342499732971191,74.0850601196289,15.334301948547363,49.62538909912109,49.68116760253906,25.345781326293945,71.25104522705078
2012-04-29,11.19950008392334,72.43709564208984,14.885229110717772,49.72946166992188,49.29754638671875,24.55323028564453,71.26792907714844
2012-05-06,11.383999824523926,71.20108032226562,15.09118938446045,50.89668655395508,48.21896743774414,24.69588851928711,71.29155731201172
2012-05-13,10.692500114440918,70.97637939453125,14.970755577087402,50.1160774230957,46.428749084472656,23.19796562194824,71.24090576171875
2012-05-20,10.64449977874756,71.91270446777344,14.749584197998049,50.34651565551758,47.46126937866211,23.18266487121582,71.2662582397461
2012-05-27,10.41100025177002,69.44071960449219,14.237177848815918,49.26920318603516,46.38084030151367,22.696029663085938,71.29155731201172
2012-06-03,10.923999786376951,71.91270446777344,14.473309516906738,50.51771545410156,48.14426803588867,23.6533317565918,71.28988647460938
2012-06-10,10.917499542236328,74.90906524658203,14.075851440429688,51.95320892333984,48.95040512084961,23.94850349426269,71.2814712524414
2012-06-17,11.107999801635742,74.40496063232422,14.249645233154297,51.96065902709961,48.60891342163086,24.4909725189209,71.24767303466797
2012-06-24,11.417499542236328,78.94120025634766,14.463833808898926,53.85219192504883,50.15961456298828,24.40321922302246,71.23921203613281
2012-07-01,11.2524995803833,75.75935363769531,14.611197471618652,54.00917434692383,49.81810760498047,24.08412170410156,71.27298736572266
2012-07-08,10.919500350952148,74.88810729980469,14.37531566619873,54.23347091674805,49.03436279296875,23.4459171295166,71.33717346191406
2012-07-15,11.41450023651123,75.26686096191406,15.230573654174805,53.27650451660156,50.3779411315918,24.028276443481445,71.39631652832031
2012-07-22,11.866000175476074,79.24427032470703,15.83249568939209,53.95685195922852,51.34081268310547,23.741085052490234,71.34563446044922
2012-07-29,11.748499870300291,79.3957748413086,15.991329193115234,53.95685195922852,51.335208892822266,23.73310661315918,71.34563446044922
2012-08-05,11.637499809265137,79.92607879638672,16.00803565979004,54.00171661376953,51.66550064086914,24.267602920532227,71.33375549316406
2012-08-12,12.058500289916992,79.54728698730469,16.88423728942871,53.76993942260742,52.75714492797852,24.6505184173584,71.29998016357422
2012-08-19,12.286999702453612,78.78970336914062,16.9213924407959,54.28581619262695,51.96781539916992,24.54078865051269,71.3506851196289
2012-08-26,12.41349983215332,78.44881439208984,17.082469940185547,53.97822570800781,52.16927719116211,24.749574661254883,71.4013442993164
2012-09-02,12.95699977874756,81.78221130371094,17.60759162902832,54.35401916503906,52.29320907592773,24.85398292541504,71.35911560058594
2012-09-09,13.06350040435791,83.751953125,17.69561195373535,52.678001403808594,52.94674682617188,25.062767028808597,71.36250305175781
2012-09-16,12.873499870300291,85.3428726196289,18.30177116394043,53.87299346923828,52.51293182373047,25.04670143127441,71.36250305175781
2012-09-23,12.715999603271484,86.68168640136719,18.813182830810547,53.279258728027344,52.06784439086914,23.898365020751957,71.4132080078125
2012-09-30,12.92549991607666,88.24665832519531,19.14107131958008,53.73017120361328,53.49885177612305,23.97063636779785,71.34558868408203
2012-10-07,12.118000030517578,85.80378723144531,18.570068359375,52.25711441040039,52.25375747680664,23.44866371154785,71.38111114501953
2012-10-14,12.0,84.0862045288086,17.00018310546875,52.858360290527344,52.36081314086914,22.998966217041016,71.33033752441406
2012-10-21,11.911999702453612,80.57469177246094,16.834617614746094,52.1068000793457,49.59460067749024,22.653657913208008,71.32191467285156
2012-10-28,11.621000289916992,81.33802795410156,17.153034210205078,52.22706604003906,50.12420654296875,23.6895751953125,71.33882141113281
2012-11-04,11.315500259399414,80.15479278564453,16.53240966796875,52.87339401245117,50.03403854370117,23.15154457092285,71.37265014648438
2012-11-11,11.261500358581545,76.91044616699219,16.137197494506836,53.91808319091797,49.85940170288086,21.296525955200195,71.39797973632812
2012-11-18,11.994000434875488,80.30748748779297,16.655588150024414,54.41413879394531,50.86222457885742,22.426897048950195,71.36419677734375
2012-11-25,12.602499961853027,80.65101623535156,17.41360092163086,55.38844680786133,51.57945251464844,21.552492141723636,71.38111114501953
2012-12-02,12.66349983215332,81.91056823730469,17.06052589416504,54.63247299194336,51.89703369140625,21.42294692993164,71.38951110839844
2012-12-09,12.459500312805176,82.52127075195312,17.503116607666016,55.95538711547852,52.33372116088867,21.706317901611328,71.41488647460938
2012-12-16,12.845999717712402,79.69678497314453,17.84397315979004,55.46402740478516,52.79874801635742,22.224489212036133,71.37261962890625
2012-12-23,12.258999824523926,78.72932434082031,17.45449447631836,54.00504302978516,52.05016708374024,21.49580955505371,71.38111877441406
2012-12-30,12.957500457763672,81.6566390991211,18.401012420654297,56.34849548339844,54.08611679077149,21.649646759033203,71.39036560058594
2013-01-06,13.397000312805176,81.38703918457031,18.451379776000977,57.54288864135742,54.60219192504883,21.722511291503903,71.40733337402344
2013-01-13,13.605999946594238,84.89210510253906,17.566701889038086,59.17573928833008,55.99729537963867,22.062557220458984,71.40733337402344
2013-01-20,14.19950008392334,85.85501098632812,18.7924861907959,58.85066604614258,57.046485900878906,22.57262420654297,71.39036560058594
2013-01-27,13.25,87.1260986328125,19.33930206298828,60.58179473876953,57.59658432006836,22.61310768127441,71.38197326660156
2013-02-03,13.09749984741211,86.66388702392578,19.58291244506836,60.63473510742188,58.220401763916016,22.30544662475586,71.44200134277344
2013-02-10,13.25450038909912,89.70672607421875,19.77042388916016,61.17900848388672,58.543643951416016,22.677879333496094,71.40817260742188
2013-02-17,13.270999908447266,90.09193420410156,19.940475463867188,61.405799865722656,59.08209228515625,22.475475311279297,71.42500305175781
2013-02-24,13.286999702453612,90.05242156982422,20.102052688598636,63.41341400146485,59.21332550048828,22.816659927368164,71.45040893554688
2013-03-03,13.709500312805176,92.30471801757812,20.7336483001709,64.07454681396484,60.32033920288086,22.85747337341309,71.43184661865234
2013-03-10,13.090999603271484,91.02325439453124,20.304271697998047,63.75538635253906,60.71406936645508,22.89012718200684,71.4487533569336
2013-03-17,12.887499809265137,90.75144958496094,20.204782485961918,65.28276824951172,60.72548294067383,23.06155586242676,71.44023132324219
2013-03-24,13.32450008392334,89.7806625366211,19.80283737182617,66.5138168334961,60.6627197265625,23.35544204711914,71.47418975830078
2013-03-31,12.77400016784668,89.04281616210938,19.52506446838379,64.92561340332031,60.36028289794922,23.428916931152344,71.48263549804688
2013-04-07,13.643500328063965,91.1009292602539,19.699607849121094,65.74628448486328,61.444454193115234,23.50238037109375,71.48941040039062
2013-04-14,13.015999794006348,84.46057891845703,19.944467544555664,68.67951965332031,60.32033920288086,24.302391052246094,71.49789428710938
2013-04-21,12.740500450134276,86.24685668945312,19.983116149902344,66.54419708251953,59.22475051879883,25.951396942138672,71.51475524902344
2013-04-28,12.90250015258789,87.64482879638672,21.087718963623047,68.05641174316406,61.53006362915039,27.33917617797852,71.48941040039062
2013-05-05,13.181500434875488,88.92630767822266,21.94821548461914,66.79498291015625,63.04219818115234,26.68610382080078,71.49525451660156
2013-05-12,13.494999885559082,91.1009292602539,22.67007064819336,68.46675872802734,63.56145858764648,28.465723037719727,71.4868392944336
2013-05-19,13.086999893188477,91.37276458740234,21.775915145874023,67.82083129882812,62.92235565185547,28.172088623046875,71.46985626220703
2013-05-26,13.460000038146973,90.5572738647461,21.723552703857425,68.03751373291016,63.28112030029297,28.68999671936035,71.42760467529297
2013-06-02,13.843500137329102,92.65422821044922,21.93574523925781,68.32000732421875,63.76317596435547,29.32297134399414,71.42760467529297
2013-06-09,13.69950008392334,91.33391571044922,21.818803787231445,68.06804656982422,63.71728515625,28.278955459594727,71.48431396484375
2013-06-16,13.66800022125244,90.71261596679688,21.96566772460937,66.16688537597656,62.89086532592773,27.35002326965332,71.33191680908203
2013-06-23,13.884499549865724,90.7716293334961,21.951704025268555,68.16727447509766,62.75314331054688,28.394044876098636,71.35729217529297
2013-06-30,14.293999671936035,90.96737670898438,22.278846740722656,68.73230743408203,64.00992584228516,28.122766494750977,71.29804229736328
2013-07-07,15.3774995803833,93.00279998779295,23.01466941833496,70.00740051269531,66.07589721679688,29.32297134399414,71.3716812133789
2013-07-14,15.261500358581545,96.76049041748048,22.356393814086918,70.75566864013672,66.67845916748047,25.81277084350586,71.46485900878906
2013-07-21,15.600500106811523,96.48648834228516,22.07588195800781,72.12237548828125,67.09163665771484,25.99361801147461,71.47335815429688
2013-07-28,15.21049976348877,96.6821746826172,22.6049919128418,74.23738098144531,67.86637115478516,26.215579986572266,71.48178100585938
2013-08-04,14.86299991607666,94.92076873779295,22.202051162719727,74.4816665649414,67.89507293701172,26.881444931030277,71.48004913330078
2013-08-11,14.241000175476074,93.74649810791016,21.366737365722656,72.66445922851562,66.51203155517578,26.14159774780273,71.42930603027344
2013-08-18,14.500499725341797,93.0810775756836,21.69836807250977,72.89350891113281,65.65122985839844,28.76798248291016,71.36148071289062
2013-08-25,14.048999786376951,90.5759506225586,21.11714172363281,70.56524658203125,65.54122161865234,27.65036964416504,71.40380096435547
2013-09-01,14.79300022125244,90.65420532226562,21.9320068359375,69.63662719726562,66.38372039794922,25.787702560424805,71.29376983642578
2013-09-08,14.895999908447266,93.0810775756836,22.168636322021484,70.28128051757812,68.43801879882812,27.34406852722168,71.33434295654297
2013-09-15,15.81700038909912,93.98131561279295,22.51871681213379,71.83145904541016,69.25165557861328,27.145387649536133,71.48689270019531
2013-09-22,15.80049991607666,94.8629379272461,21.85246467590332,71.37104034423828,69.3728256225586,27.542747497558597,71.54620361328125
2013-09-29,15.95199966430664,94.8629379272461,21.75172996520996,70.42711639404297,68.89966583251953,28.047739028930664,71.51229858398438
2013-10-06,15.544500350952148,96.24347686767578,21.742752075195312,72.10005950927734,69.6613540649414,28.25470352172852,71.49365234375
2013-10-13,16.446500778198242,100.779541015625,25.219139099121094,73.69635009765625,70.88468933105469,28.941822052001957,71.5444564819336
2013-10-20,18.16950035095215,102.0811996459961,25.313640594482425,74.52517700195312,71.79644012451172,29.579280853271484,71.58687591552734
2013-10-27,17.950000762939453,104.68450927734376,25.608867645263672,76.13677215576172,72.65047454833984,29.4137020111084,71.5699462890625
2013-11-03,17.515499114990234,106.69615173339844,25.33433723449707,74.86285400390625,73.85652923583984,31.2763786315918,71.58604431152344
2013-11-10,18.458499908447266,107.28783416748048,25.771440505981445,75.637939453125,74.92982482910156,31.326051712036133,71.62838745117188
2013-11-17,18.61549949645996,106.81446075439452,25.72980117797852,73.89586639404297,75.6049575805664,31.102540969848636,71.66228485107422
2013-11-24,19.68099975585937,105.15784454345705,26.420490264892575,74.73802947998047,77.4198226928711,31.80552101135254,71.67925262451172
2013-12-01,19.34749984741211,106.26229858398438,26.676816940307617,74.94629669189453,74.57843017578125,31.997371673583984,71.60295867919922
2013-12-08,19.21199989318848,105.86783599853516,26.450410842895508,73.15669250488281,73.31426239013672,30.604366302490234,71.61060333251953
2013-12-15,20.11000061035156,107.9188995361328,27.44355773925781,74.28289031982422,79.28125762939453,30.69613075256348,71.5597152709961
2013-12-22,19.90399932861328,110.66097259521484,27.88689422607422,74.26747131347656,80.80631256103516,31.104848861694336,71.53427124023438
2013-12-29,19.82200050354004,109.269287109375,27.552770614624023,73.90492248535156,80.2844467163086,30.78787612915039,71.56060028076172
2014-01-05,19.882999420166016,107.20159149169922,28.180625915527344,75.48625183105469,78.96810913085938,30.06219482421875,71.58602142333984
2014-01-12,19.980499267578125,105.69058990478516,28.688045501708984,76.04161834716797,79.62336730957031,30.34579849243164,71.5775146484375
2014-01-19,19.3799991607666,99.20919036865234,28.022293090820312,75.68680572509766,75.51203918457031,30.7044677734375,71.62842559814453
2014-01-26,17.934499740600586,99.9249267578125,29.447057723999023,76.6741714477539,74.33486938476562,31.563621520996094,71.69628143310547
2014-02-02,18.054000854492188,100.16350555419922,29.35903549194336,77.43010711669922,75.57583618164062,30.495929718017575,71.69628143310547
2014-02-09,17.86750030517578,102.3504638671875,29.991378784179688,81.2098159790039,76.61380767822266,31.380102157592773,71.69029998779297
2014-02-16,17.33799934387207,99.16942596435548,30.016063690185547,83.07648468017578,76.79617309570312,31.680397033691406,71.70726013183594
2014-02-23,18.104999542236328,102.1617202758789,30.311790466308597,81.99554443359375,78.64063262939453,32.195289611816406,71.72422790527344
2014-03-02,18.60300064086914,104.80902862548828,30.290346145629883,81.8560562133789,78.27875518798828,31.850740432739254,71.62246704101562
2014-03-09,18.687000274658203,100.71774291992188,29.243337631225582,82.28998565673828,75.78054809570312,31.68265914916992,71.69709014892578
2014-03-16,18.0310001373291,101.8809585571289,29.49867057800293,81.23619079589844,77.70088195800781,33.75001525878906,71.58674621582031
2014-03-23,16.914499282836914,103.80624389648438,27.930532455444336,79.99642181396484,78.3312759399414,33.86765670776367,71.6037826538086
2014-03-30,16.149999618530273,104.36779022216795,27.16402816772461,79.7872085571289,79.30022430419922,33.506309509277344,71.63771057128906
2014-04-06,15.58650016784668,102.00130462646484,26.79088020324707,76.18412017822266,77.27478790283203,32.95163345336914,71.7403335571289
2014-04-13,16.245500564575195,106.53376770019533,27.068872451782227,77.95854949951172,80.39169311523438,33.62394332885742,71.68946075439453
2014-04-20,15.191499710083008,106.69422912597656,26.060529708862305,74.66539764404297,79.70878601074219,33.53993225097656,71.6809310913086
2014-04-27,15.400500297546388,107.01510620117188,26.597082138061523,75.14582061767578,81.78669738769531,33.35503387451172,71.6979751586914
2014-05-04,14.612000465393066,105.97223663330078,26.23589324951172,74.40966033935547,82.49883270263672,33.228973388671875,71.76665496826172
2014-05-11,14.885000228881836,106.97500610351562,26.319589614868164,74.86685943603516,82.37622833251953,33.472694396972656,71.81763458251953
2014-05-18,15.612000465393066,106.333251953125,28.088178634643555,75.19226837158203,82.38208770751953,33.95424270629883,71.80911254882812
2014-05-25,15.6274995803833,107.45631408691406,28.47926139831543,75.80199432373047,83.71553039550781,34.64822769165039,71.85159301757812
2014-06-01,16.48349952697754,109.02063751220705,28.199275970458984,76.40943145751953,84.94290161132812,35.105247497558594,71.78366088867188
2014-06-08,16.313499450683594,108.4590835571289,27.916303634643555,76.03562927246094,84.19121551513672,34.89366912841797,71.74370574951172
2014-06-15,16.209999084472656,108.17833709716795,28.22368812561035,77.97470092773438,85.248291015625,35.2745246887207,71.71826171875
2014-06-22,16.228500366210938,106.88684844970705,29.17872428894043,75.47494506835938,84.385009765625,35.75690078735352,71.78620910644531
2014-06-29,16.874500274658203,108.62584686279295,29.54688835144043,75.24911499023438,85.39513397216797,35.37606430053711,71.70977783203125
2014-07-06,17.309999465942383,107.37215423583984,29.226551055908203,75.10891723632812,84.7491226196289,35.62149429321289,71.79041290283203
2014-07-13,17.933000564575195,107.0081787109375,30.146217346191406,73.08424377441406,85.05448913574219,37.82194137573242,71.739501953125
2014-07-20,16.20050048828125,104.298583984375,29.795988082885746,72.05630493164062,85.22480773925781,37.66113662719727,71.75645446777344
2014-07-27,15.352999687194824,102.51914978027344,28.57640647888184,69.38526153564453,82.28258514404297,36.273170471191406,71.80743408203125
2014-08-03,15.84000015258789,103.7728500366211,28.79262351989746,70.3976058959961,82.7171401977539,36.5609245300293,71.83885192871094
2014-08-10,16.681499481201172,103.6919937133789,29.080081939697266,71.19190216064453,83.34552764892578,37.90657043457031,71.88983917236328
2014-08-17,16.579500198364258,105.75448608398438,29.519989013671875,71.63577270507812,84.64337921142578,38.21123123168945,71.80489349365234
2014-08-24,16.95199966430664,105.06696319580078,29.012826919555664,71.60851287841797,85.07128143310547,38.68836212158203,71.87284088134766
2014-08-31,17.319000244140625,105.5522689819336,29.781042098999023,70.95054626464844,85.189453125,39.09711456298828,71.82188415527344
2014-09-07,16.559499740600586,104.6221160888672,29.13936996459961,72.58759307861328,85.03585052490234,39.76987838745117,71.76068115234375
2014-09-14,16.56599998474121,106.3206558227539,30.16066551208496,73.51972198486328,86.66049194335938,40.46818542480469,71.76068115234375
2014-09-21,16.160499572753906,104.52688598632812,29.288827896118164,73.01058959960938,84.13788604736328,39.522911071777344,71.82015991210938
2014-09-28,16.136999130249023,103.58887481689452,29.206623077392575,73.38658142089844,82.80864715576172,39.25040817260742,71.79469299316406
2014-10-05,15.569499969482422,98.98040771484376,27.65923309326172,73.01841735839844,79.06314086914062,37.49608612060547,72.04120635986328
2014-10-12,15.182000160217283,101.22344207763672,26.054052352905277,72.0706558227539,81.17219543457031,37.155460357666016,72.11772918701172
2014-10-19,14.352999687194824,104.56765747070312,27.34586906433105,73.7312240600586,87.78295135498047,39.28447341918945,72.10922241210938
2014-10-26,15.27299976348877,105.26100158691406,28.290943145751957,75.12549591064453,90.84314727783205,39.98278045654297,72.00718688964844
2014-11-02,14.993000030517578,107.70796966552734,27.49134063720703,75.53279113769531,92.48551177978516,41.45605850219727,71.9817123413086
2014-11-09,16.391000747680664,107.911865234375,27.65923309326172,75.24299621582031,93.84425354003906,42.22248458862305,72.02330780029297
2014-11-16,16.631500244140625,110.07340240478516,27.195913314819336,75.4231185913086,94.6181869506836,40.85992050170898,72.03186798095703
2014-11-23,16.93199920654297,108.03424835205078,27.354835510253903,78.99195861816406,95.0844268798828,40.97195816040039,72.0828628540039
2014-11-30,15.631500244140623,106.0766143798828,26.30862808227539,78.61384582519531,96.3792495727539,41.49471282958984,71.88729858398438
2014-12-07,15.366000175476074,101.50894927978516,25.9813175201416,77.60558319091797,93.32042694091795,40.2349739074707,72.0224609375
2014-12-14,14.994999885559082,104.48609161376952,25.908082962036133,82.92265319824219,98.2858428955078,40.84341430664063,71.85234832763672
2014-12-21,15.454500198364258,106.12845611572266,26.978200912475582,83.8206787109375,98.74910736083984,41.03194046020508,71.77574920654297
2014-12-28,15.425999641418455,103.16446685791016,26.38186454772949,81.6938247680664,97.44242095947266,40.0721321105957,71.94853210449219
2015-01-04,14.846500396728516,98.9242706298828,24.94556999206543,83.8206787109375,95.9931869506836,40.44062805175781,72.06768798828125
2015-01-11,14.536999702453612,97.11290740966795,25.43081283569336,87.16845703125,96.2188949584961,39.62651443481445,72.23787689208984
2015-01-18,15.619500160217283,100.77677154541016,26.999624252319336,85.5615005493164,97.41866302490234,40.43205261230469,72.21231842041016
2015-01-25,17.726499557495117,98.34791564941406,26.780420303344727,80.51226043701172,96.39710998535156,34.621768951416016,72.32300567626953
2015-02-01,18.714000701904297,100.94143676757812,26.59758186340332,83.12744903564453,98.63622283935548,36.34429168701172,72.02507781982422
2015-02-08,19.09149932861328,103.53498077392578,27.45846176147461,83.5134506225586,98.55902099609376,37.59547805786133,72.06160736083984
2015-02-15,19.183000564575195,103.78197479248048,26.992151260375977,84.4744644165039,100.47491455078124,37.58690643310547,72.06160736083984
2015-02-22,19.007999420166016,107.97654724121094,28.029890060424805,81.74896240234375,100.7916488647461,37.84576034545898,72.11267852783203
2015-03-01,19.004499435424805,105.60842895507812,28.541534423828125,78.8893051147461,98.22777557373048,36.55978775024414,71.97649383544922
2015-03-08,18.52899932861328,104.02971649169922,27.550127029418945,79.07134246826172,97.25960540771484,35.713985443115234,72.0794677734375
2015-03-15,18.92449951171875,105.52533721923828,28.145469665527344,80.82091522216797,99.50074005126952,37.00858688354492,72.19869995117188
2015-03-22,18.527999877929688,103.28189086914062,27.77680778503418,80.6625747680664,97.71380615234376,35.3601188659668,72.24134063720703
2015-03-29,18.612499237060547,103.61425018310548,26.96773910522461,79.76011657714844,97.29548645019533,34.773231506347656,72.28389739990234
2015-04-05,19.13249969482422,118.44593811035156,27.32793617248535,79.23761749267578,99.84738159179688,36.007415771484375,72.28135681152344
2015-04-12,18.777999877929688,113.21125793457033,26.54078483581543,79.38008117675781,96.64407348632812,35.92111587524414,72.35797882080078
2015-04-19,22.2549991607666,111.34171295166016,28.57939910888672,74.91510772705078,95.01846313476562,41.31533050537109,72.35797882080078
2015-04-26,21.14349937438965,113.46054077148438,27.45846176147461,74.09970092773438,94.2355728149414,41.99715423583984,72.2557601928711
2015-05-03,21.684499740600582,113.66825103759766,27.348360061645508,74.76470947265625,95.98065948486328,41.21175384521485,72.31964111328125
2015-05-10,21.299999237060547,113.29435729980467,27.22580337524414,76.14219665527344,97.5942840576172,41.68646240234375,72.36225891113281
2015-05-17,21.381500244140625,114.9977035522461,27.6258544921875,74.04429626464844,96.20777893066406,40.4781379699707,72.27702331542969
2015-05-24,21.46150016784668,113.29435729980467,27.16751480102539,73.92987823486328,95.6734619140625,40.706451416015625,72.34526824951172
2015-05-31,21.34749984741211,113.37743377685548,27.377256393432617,72.34553527832031,94.47061157226562,40.08100509643555,72.1747817993164
2015-06-07,21.496000289916992,113.7928695678711,27.274629592895508,72.48090362548828,95.0479965209961,39.9333381652832,72.1977310180664
2015-06-14,21.746000289916992,113.1697235107422,27.77531242370605,70.88858032226562,95.5952606201172,40.04625701904297,72.34269714355469
2015-06-21,21.905000686645508,113.50384521484376,27.553117752075195,70.49847412109375,94.47663879394533,39.31656265258789,72.24889373779297
2015-06-28,21.885499954223636,112.20498657226562,27.268150329589844,71.68473052978516,93.44818115234376,38.56951141357422,72.3853530883789
2015-07-05,22.175500869750977,110.06813049316406,27.705066680908203,73.14168548583984,93.1895980834961,38.75191879272461,72.3836441040039
2015-07-12,24.15049934387207,114.13233184814452,34.85464859008789,72.85508728027344,94.23604583740234,40.49797058105469,72.3580551147461
2015-07-19,26.47100067138672,107.88941192626952,32.6202507019043,71.8121337890625,89.80960845947266,39.90726852416992,72.3409423828125
2015-07-26,26.8075008392334,109.35587310791016,32.75625991821289,73.95374298095703,91.01846313476562,40.56747055053711,72.40074157714844
2015-08-02,26.131000518798828,108.0570068359375,33.099510192871094,71.43795776367188,89.54499816894531,40.60221862792969,72.27274322509766
2015-08-09,26.576000213623047,109.27207946777344,34.343997955322266,72.72769165039062,89.1781234741211,40.82807540893555,72.30509948730469
2015-08-16,24.723499298095703,103.02913665771484,32.08518981933594,71.27073669433594,85.45535278320312,37.41415023803711,72.45870208740234
2015-08-23,25.90049934387207,105.41739654541016,32.86536407470703,72.27217102050781,87.33395385742188,38.412872314453125,72.39046478271484
2015-08-30,24.950000762939453,100.55712890625,31.33441162109375,71.88756561279297,84.6874771118164,37.25864791870117,72.38188934326172
2015-09-06,26.472000122070312,104.5374984741211,32.64665603637695,73.0814208984375,85.54742431640625,38.01937484741211,72.42463684082031
2015-09-13,27.01300048828125,103.90902709960938,32.9266357421875,74.08296966552734,84.55424499511719,38.01937484741211,72.49291229248047
2015-09-20,26.212499618530277,105.34622955322266,31.891889572143555,74.16307830810547,84.51789855957031,38.42161178588867,72.47587585449219
2015-09-27,26.62700080871582,107.67129516601562,32.7308464050293,75.56525421142578,86.7222900390625,39.84690856933594,72.64669036865234
2015-10-04,26.989999771118164,118.6624526977539,33.44077682495117,77.36808013916016,90.77982330322266,41.1934928894043,72.58687591552734
2015-10-11,28.538000106811523,122.50940704345705,34.64042282104492,76.34247589111328,90.0531234741211,41.543251037597656,72.6210708618164
2015-10-18,29.951499938964844,124.74990844726562,35.83658981323242,76.65494537353516,94.34683990478516,46.2301139831543,72.59542846679688
2015-10-25,31.295000076293945,122.25572967529295,36.736324310302734,71.06227111816406,95.20677185058594,46.02898406982422,72.47582244873047
2015-11-01,32.96849822998047,126.48308563232422,37.94245910644531,69.03512573242188,96.44827270507812,48.02263641357422,72.24517822265625
2015-11-08,32.11750030517578,128.00497436523438,36.86984634399414,67.16021728515625,94.26203918457033,46.20387268066406,72.36555480957031
2015-11-15,33.42250061035156,129.61135864257812,38.70967483520508,67.77717590332031,96.26055145263672,47.38431930541992,72.29713439941406
2015-11-22,33.66299819946289,128.3431854248047,38.459083557128906,69.70818328857422,96.30780792236328,47.47482299804688,72.31428527832031
2015-11-29,33.63199996948242,128.89276123046875,38.81977462768555,69.78852844238281,96.44800567626952,49.21783828735352,72.2544174194336
2015-12-06,32.00749969482422,127.92041015625,37.38547134399414,70.53888702392578,94.38153839111328,47.58926773071289,72.34078216552734
2015-12-13,33.207000732421875,128.00497436523438,37.705814361572266,71.61193084716797,89.55972290039062,47.6508903503418,72.28092956542969
2015-12-20,33.13949966430664,131.30482482910156,38.153690338134766,72.87055969238281,92.16265869140624,49.00656127929688,72.22106170654297
2015-12-27,33.79449844360352,132.66770935058594,38.75999450683594,72.02340698242188,91.82737731933594,48.83930206298828,72.18083953857422
2016-01-03,30.352500915527344,121.16846466064452,36.41350173950195,68.51380157470703,85.6401138305664,46.066349029541016,72.35198974609375
2016-01-10,28.50900077819824,121.33881378173828,35.39618682861328,67.22291564941406,84.54287719726562,44.8867301940918,72.50598907470703
2016-01-17,29.819000244140625,120.27407836914062,37.13836669921875,68.78004455566406,85.048828125,46.03113555908203,72.51453399658203
2016-01-24,29.350000381469727,123.9367904663086,37.93000030517578,71.0875015258789,92.0468292236328,48.495975494384766,72.65142059326172
2016-01-31,25.10650062561035,121.55176544189452,35.06089782714844,70.75669860839844,93.552490234375,44.15608596801758,72.68566131591797
2016-02-07,25.35400009155273,120.3592529296875,35.216835021972656,72.37031555175781,93.8511962890625,44.45538330078125,72.76701354980469
2016-02-14,26.7450008392334,123.5960693359375,35.9750862121582,73.44336700439453,96.05809020996094,45.61738204956055,72.7327651977539
2016-02-21,27.761499404907227,125.2144546508789,36.11208724975586,73.11257934570312,97.175537109375,45.48386764526367,72.68995666503906
2016-02-28,28.756999969482425,130.76759338378906,36.37912368774414,75.66625213623047,98.28073120117188,46.1311149597168,72.56153106689453
2016-03-06,28.480499267578125,130.25238037109375,37.108978271484375,75.292724609375,99.39202117919922,47.053199768066406,72.49891662597656
2016-03-13,27.60400009155273,132.7423858642578,37.634071350097656,73.87977600097656,101.5102767944336,47.425575256347656,72.67877960205078
2016-03-20,29.147499084472656,133.55813598632812,37.60567855834961,73.1407699584961,100.97611236572266,48.06393432617188,72.63595581054688
2016-03-27,29.924999237060547,137.0784454345703,38.34450149536133,76.09661102294922,102.86107635498048,49.26975631713867,72.74734497070312
2016-04-03,29.729999542236328,132.1842803955078,37.83633804321289,74.55374908447266,102.3084487915039,48.25014114379883,72.88526153564453
2016-04-10,31.29450035095215,133.2146453857422,38.859134674072266,75.93421936035156,103.62853240966795,49.34068298339844,72.8766860961914
2016-04-17,31.024999618530277,132.05555725097656,36.7552604675293,73.53058624267578,103.55482482910156,45.909446716308594,72.77386474609375
2016-04-24,32.97949981689453,132.01258850097656,35.26616287231445,75.60938262939453,102.76895904541016,44.21599960327149,72.85952758789062
2016-05-01,33.6974983215332,129.3079376220703,36.12803268432617,74.39131927490234,103.69608306884766,44.67704772949219,72.86813354492188
2016-05-08,35.49599838256836,127.24725341796876,36.110599517822266,75.06533813476562,103.34609985351562,45.28881454467773,72.90158081054688
2016-05-15,35.13999938964844,126.90380859375,35.95515823364258,73.709228515625,101.31382751464844,44.88097381591797,72.75580596923828
2016-05-22,35.61199951171875,129.3079376220703,37.2449836730957,75.19526672363281,104.38655853271484,46.71268844604492,72.73866271972656
2016-05-29,36.277000427246094,128.53515625,36.66010284423828,76.41691589355469,104.07135772705078,46.2394905090332,72.85870361328125
2016-06-05,35.89550018310547,128.9644775390625,36.52708435058594,78.78707122802734,104.1826171875,45.96269607543945,72.97974395751953
2016-06-12,35.31949996948242,131.36865234375,35.0853157043457,79.36735534667969,104.41747283935548,44.75738525390625,73.05693817138672
2016-06-19,34.948001861572266,128.98980712890625,34.136253356933594,80.0702133178711,104.52871704101562,44.48954391479492,73.13419342041016
2016-06-26,36.28400039672852,136.21365356445312,35.38423156738281,91.4959945678711,108.49671173095705,45.6770133972168,73.19422912597656
2016-07-03,37.29050064086914,139.28482055664062,35.759368896484375,90.47435760498048,109.47333526611328,46.69481658935547,73.20281219482422
2016-07-10,36.77199935913086,142.22622680664062,36.64865112304688,90.4416732788086,112.11865234375,47.944786071777344,73.03968811035156
2016-07-17,37.24300003051758,138.67921447753906,37.82687377929688,89.86138153076172,111.52530670166016,50.50719833374024,73.08267211914062
2016-07-24,37.94049835205078,134.69967651367188,39.4240837097168,90.5233917236328,110.23970794677734,50.60540771484375,73.17705535888672
2016-07-31,38.29899978637695,135.3052215576172,40.20076751708984,91.25079345703124,110.36951446533205,51.74822616577149,73.03968811035156
2016-08-07,38.62799835205078,135.1322021484375,40.20674514770508,91.1036605834961,111.42024230957033,51.73036575317383,73.11776733398438
2016-08-14,37.865501403808594,135.17547607421875,39.83808135986328,92.86087036132812,111.0123062133789,51.44465637207031,73.05765533447266
2016-08-21,38.45000076293945,135.0889434814453,39.51774597167969,90.6214828491211,111.57965850830078,52.13364028930664,72.96316528320312
2016-08-28,38.62200164794922,135.3485107421875,39.69958114624024,81.5999755859375,112.45035552978516,51.81021881103516,72.9975357055664
2016-09-04,38.00699996948242,130.24435424804688,39.28160095214844,79.03612518310547,109.23499298095705,50.49856185913086,73.01471710205078
2016-09-11,38.92599868774414,128.38429260253906,39.7543830871582,78.4609146118164,108.87425994873048,51.43289566040039,73.08345794677734
2016-09-18,40.28749847412109,130.30172729492188,40.60082244873047,78.76495361328125,110.32337188720705,51.59459686279297,73.09205627441406
2016-09-25,41.865501403808594,129.12469482421875,40.05778503417969,78.55951690673828,109.6019287109375,51.74734115600586,73.10066223144531
2016-10-02,41.97150039672852,126.7706298828125,39.890892028808594,78.23902893066406,106.55449676513672,51.927005767822266,72.97171020507812
2016-10-09,41.14799880981445,125.9423599243164,40.08468627929688,79.2415542602539,105.93257904052734,51.58562469482422,72.97940063476562
2016-10-16,40.949501037597656,126.33472442626952,41.05417251586914,78.36228942871094,105.41636657714844,53.59801864624024,73.0481948852539
2016-10-23,38.81600189208984,127.38094329833984,40.829986572265625,84.14745330810547,103.09657287597656,53.78667831420898,73.01377868652344
2016-10-30,37.75249862670898,123.9806137084961,38.91393280029297,82.17523956298828,103.53816223144533,52.74455261230469,73.09980773925781
2016-11-06,36.95050048828125,133.87643432617188,38.448123931884766,79.91539764404297,108.8867416381836,53.0230598449707,72.91993713378906
2016-11-13,38.007999420166016,133.7019805908203,38.65835952758789,80.9919204711914,107.56824493408205,54.21790313720703,72.77364349365234
2016-11-20,39.01850128173828,137.0587615966797,38.87059020996094,80.30984497070312,108.5896453857422,54.74698257446289,72.69619750976562
2016-11-27,37.016998291015625,136.622802734375,38.084938049316406,80.27908325195312,107.9261703491211,53.58927917480469,72.72203063964844
2016-12-04,38.43299865722656,138.54095458984375,40.32630920410156,82.94181823730469,111.7191925048828,56.049407958984375,72.7564926147461
2016-12-11,37.88850021362305,138.41012573242188,40.34574890136719,83.65301513671875,111.0682373046875,56.34788513183594,72.58426666259766
2016-12-18,38.02949905395508,138.9768829345703,40.24411010742188,85.68727111816406,111.8819351196289,57.19807815551758,72.6272964477539
2016-12-25,37.493499755859375,138.79302978515625,39.47938537597656,85.53012084960938,111.76925659179688,56.203163146972656,72.77464294433594
2017-01-01,39.79949951171875,138.83692932128906,41.11146926879883,86.42321014404297,111.5564422607422,56.83629608154297,72.72295379638672
2017-01-08,40.85699844360352,137.7388458251953,41.39693069458008,86.70438385009766,111.03069305419922,56.70966720581055,72.78324127197266
2017-01-15,40.416500091552734,134.0933837890625,41.258934020996094,87.2997817993164,111.7191925048828,56.745849609375,72.78324127197266
2017-01-22,41.78850173950195,131.80943298339844,42.0988883972168,87.25017547607422,111.08702087402344,59.495384216308594,72.83494567871094
2017-01-29,40.5099983215332,130.44781494140625,40.85838317871094,88.46577453613281,109.55979919433594,57.596038818359375,72.78324127197266
2017-02-05,41.37300109863281,130.5356903076172,41.59172821044922,88.99502563476562,112.03843688964844,57.88546371459961,72.88756561279297
2017-02-12,42.25350189208984,133.39056396484375,42.17461013793945,88.68900299072266,114.51074981689452,58.44622421264648,72.87891387939453
2017-02-19,42.262001037597656,132.60003662109375,42.23738479614258,90.05348205566406,118.0662841796875,58.80055618286133,72.97373962402344
2017-02-26,42.49399948120117,133.34774780273438,42.30065536499024,90.3698501586914,119.26323699951172,58.4638786315918,72.71508026123047
2017-03-05,42.62300109863281,134.0560760498047,42.91493225097656,90.59439849853516,120.46021270751952,59.082637786865234,72.7270736694336
2017-03-12,42.615501403808594,132.2852020263672,43.4609489440918,90.6609115600586,121.1847152709961,59.02804565429688,72.80470275878906
2017-03-19,42.28049850463867,131.57681274414062,41.60617065429688,89.80431365966797,120.64922332763672,59.12814331054688,72.8996353149414
2017-03-26,44.32699966430664,131.93104553222656,42.23688888549805,90.86052703857422,120.53581237792967,59.92888641357422,72.92549896240234
2017-04-02,44.74399948120117,132.77220153808594,41.952919006347656,91.08507537841795,119.69161987304688,59.76511764526367,72.8392333984375
2017-04-09,44.23350143432617,130.8684844970703,41.85726547241211,89.98725891113281,118.8474349975586,59.100830078125,73.0792007446289
2017-04-16,44.92649841308594,130.82423400878906,42.79237365722656,89.32194519042969,120.64290618896484,60.42026519775391,73.1223373413086
2017-04-23,46.2495002746582,128.344970703125,46.05903244018555,89.98725891113281,123.37075805664062,62.29475784301758,73.06196594238281
2017-04-30,46.70750045776367,129.3632354736328,47.34238052368164,89.44669342041016,125.6198501586914,62.78610610961914,72.94969177246094
2017-05-07,48.067501068115234,125.15736389160156,47.584503173828125,89.04747772216797,123.83698272705078,62.22195816040039,73.04634857177734
2017-05-14,47.992000579833984,124.1833953857422,47.560089111328125,93.13101959228516,123.35183715820312,61.59408187866211,73.09821319580078
2017-05-21,49.78900146484375,121.52706909179688,49.48411560058594,96.44107818603516,127.17496490478516,64.02455139160156,73.08094787597656
2017-05-28,50.33649826049805,123.43075561523438,49.626102447509766,96.90560913085938,130.9964599609375,65.67184448242188,73.09821319580078
2017-06-04,48.91550064086914,123.69636535644533,48.33079528808594,95.35015106201172,131.1422576904297,64.35401916503906,73.04975128173828
2017-06-11,49.385501861572266,128.38922119140625,47.75787353515625,93.51874542236328,135.14117431640625,64.0611572265625,73.0843505859375
2017-06-18,50.1870002746582,123.0879898071289,49.12641143798828,91.82949829101562,134.9257354736328,65.16851043701172,73.11031341552734
2017-06-25,48.400001525878906,120.58783721923828,46.31610107421875,89.78904724121094,131.94073486328125,63.08194351196289,73.05841064453125
2017-07-02,48.9379997253418,116.7483139038086,46.8705940246582,88.5680923461914,132.82806396484375,63.56697463989258,72.98060607910156
2017-07-09,50.09049987792969,119.5609893798828,48.669071197509766,88.20015716552734,134.20957946777344,66.60530853271484,73.1337661743164
2017-07-16,51.28350067138672,115.67683410644533,49.51251602172852,88.96949005126953,133.822998046875,67.52960205078125,73.19430541992188
2017-07-23,51.00199890136719,113.9802703857422,47.74342346191406,88.70189666748047,126.5728988647461,66.84326171875,73.20294952392578
2017-07-30,49.37900161743164,115.09644317626952,47.11869430541992,87.69003295898438,131.5985565185547,66.5137939453125,73.12506866455078
2017-08-06,48.39950180053711,112.50697326660156,46.33652877807617,87.97437286376953,130.54022216796875,66.34906005859375,73.3250961303711
2017-08-13,47.92350006103516,109.60499572753906,46.14173126220703,89.76394653320312,128.98744201660156,66.33990478515625,73.28179931640625
2017-08-20,47.26300048828125,109.337158203125,46.3569564819336,87.94091033935547,128.1002197265625,66.99698638916016,73.31641387939453
2017-08-27,48.91249847412109,112.2391128540039,47.42757034301758,88.858154296875,129.74853515625,68.02739715576172,73.26445007324219
2017-09-03,48.29499816894531,106.34589385986328,46.90048599243164,90.99525451660156,131.10617065429688,68.0641860961914,73.41344451904297
2017-09-10,49.339500427246094,106.83699798583984,46.59558868408203,92.97251892089844,135.9886016845703,69.2878646850586,73.29212188720703
2017-09-17,47.755001068115234,112.14307403564452,46.99264907836914,89.59016418457031,134.33775329589844,68.45980834960938,73.19676208496094
2017-09-24,48.067501068115234,109.03173828125,48.51014709472656,91.8534927368164,133.78964233398438,68.53340911865234,73.20542907714844
2017-10-01,49.479000091552734,109.97869873046876,49.50254821777344,91.41596221923828,138.00917053222656,69.92268371582031,73.11009979248047
2017-10-08,50.14699935913086,103.62074279785156,50.21148300170898,92.61071014404295,138.77406311035156,71.29352569580078,73.21672821044922
2017-10-15,49.14550018310547,107.45353698730467,50.07198715209961,91.7272491455078,141.0686798095703,72.5079574584961,73.12995910644531
2017-10-22,55.04750061035156,93.74568176269533,51.49681854248047,87.57083892822266,149.62255859375,77.10816192626953,73.14728546142578
2017-10-29,55.58000183105469,90.81471252441406,52.309871673583984,89.11898803710938,148.01632690429688,77.41175079345703,73.03449249267578
2017-11-05,56.26750183105469,92.39291381835938,52.01892852783203,91.37389373779295,144.97592163085938,77.16336822509766,73.06742095947266
2017-11-12,56.49399948120117,82.11200714111328,51.607418060302734,91.7945785522461,146.19337463378906,75.81089782714844,73.01531982421875
2017-11-19,59.29999923706055,82.0218276977539,52.63519287109375,90.4062957763672,147.4809112548828,76.98684692382812,73.03269958496094
2017-11-26,58.11750030517578,80.62397766113281,51.06837844848633,93.96145629882812,154.48367309570312,77.91148376464844,72.928466796875
2017-12-03,58.09999847412109,79.8574447631836,52.27947998046875,95.81511688232422,152.54908752441406,77.81901550292969,72.98837280273438
2017-12-10,58.95700073242188,80.35345458984375,53.406394958496094,96.61076354980467,152.46571350097656,80.30635833740234,72.97101593017578
2017-12-17,58.417999267578125,78.9104995727539,53.24996566772461,97.29635620117188,150.37094116210938,79.06732177734375,72.83194732666016
2017-12-24,58.4734992980957,78.68504333496094,52.47975540161133,96.07752227783205,150.78091430664062,79.0950698852539,72.96585845947266
2017-12-31,61.45700073242188,84.17724609375,55.31398391723633,95.61196899414062,154.11212158203125,81.54537963867188,72.90492248535156
2018-01-07,65.26000213623047,85.1761245727539,56.32830429077149,92.48867797851562,156.6105194091797,82.84915924072266,72.8700942993164
2018-01-14,64.72899627685547,73.82537078857422,56.968482971191406,92.57330322265624,158.98716735839844,83.21902465820312,72.84400177001953
2018-01-21,70.10250091552734,73.2351303100586,59.16352462768555,94.01222229003906,165.6815948486328,86.9731216430664,72.7743911743164
2018-01-28,71.49749755859375,71.0103530883789,55.75787353515625,87.1562271118164,157.0589599609375,84.8648910522461,72.6612548828125
2018-02-04,66.9800033569336,67.8321762084961,52.124542236328125,84.3630142211914,144.27232360839844,81.53614807128906,72.83192443847656
2018-02-11,72.43450164794922,68.33159637451172,54.57715225219727,85.24330139160156,151.6137237548828,85.06834411621094,72.68383026123047
2018-02-18,75.0,65.78900909423828,56.20076751708984,82.06073760986328,152.73329162597656,87.38166809082031,72.70997619628906
2018-02-25,75.01249694824219,64.63965606689453,54.01120376586914,84.25048828125,148.44808959960938,86.4433822631836,72.67509460449219
2018-03-04,78.94450378417969,68.3935317993164,57.83235168457031,85.5201644897461,155.52349853515625,89.68560028076172,72.71520233154297
2018-03-11,78.58399963378906,65.50944519042969,56.5161247253418,86.08258819580078,152.86215209960938,87.88333892822266,72.732666015625
2018-03-18,74.77799987792969,59.83290100097656,51.14210510253906,81.85596466064453,138.7758026123047,80.99015808105469,72.81109619140625
2018-03-25,72.36699676513672,61.70982360839844,51.66969299316406,84.3271484375,141.4564208984375,84.78974914550781,72.86343383789062
2018-04-01,70.2614974975586,59.787105560302734,50.31510543823242,84.23340606689453,136.77175903320312,83.82360076904297,72.8023910522461
2018-04-08,71.53949737548828,61.755592346191406,51.614891052246094,81.77075958251953,138.8788604736328,86.47126007080078,72.77961730957031
2018-04-15,76.37449645996094,66.5623779296875,53.67143630981445,78.80533599853516,140.31588745117188,88.25495147705078,72.68360900878906
2018-04-22,78.63099670410156,65.82991027832031,51.3862190246582,79.572265625,126.37773895263672,89.01671600341797,72.71852111816406
2018-04-29,79.04750061035156,64.54811096191406,52.36018753051758,78.20885467529297,128.46556091308594,88.40355682373047,72.62252044677734
2018-05-06,80.14550018310547,66.83702850341797,54.96973037719727,78.78831481933594,132.2030487060547,90.7632293701172,72.68621063232422
2018-05-13,78.71849822998047,68.53087615966797,53.288822174072266,77.96170806884766,128.2078094482422,89.51837158203125,72.69491577148438
2018-05-20,80.50749969482422,66.97440338134766,54.00821304321289,78.421875,129.1300811767578,91.7724380493164,72.86100769042969
2018-05-27,82.0770034790039,64.54811096191406,56.545021057128906,77.25080871582031,129.493408203125,94.0396728515625,72.78235626220703
2018-06-03,84.19950103759766,63.76988220214844,56.43093490600586,78.76129913330078,134.03501892089844,94.82342529296876,72.9011459350586
2018-06-10,85.79850006103516,60.88579940795898,57.75413513183594,80.6751937866211,132.98391723632812,93.4238739013672,72.86615753173828
2018-06-17,85.78350067138672,60.27158737182617,58.253326416015625,79.53372192382812,127.48859405517578,93.68512725830078,72.92742156982422
2018-06-24,84.98999786376953,62.85795974731445,56.25556564331055,79.86844635009766,127.63135528564452,92.00569915771484,72.9799575805664
2018-07-01,85.53150177001953,63.96638488769531,57.54539489746094,82.0054931640625,128.11148071289062,94.38491821289062,72.89237976074219
2018-07-08,90.65149688720705,64.151123046875,60.00348663330078,80.66661071777344,130.5250244140625,98.36894989013672,72.98867797851562
2018-07-15,90.68499755859376,60.59486770629883,59.67766571044922,78.89006042480469,131.02455139160156,99.15266418457033,72.98867797851562
2018-07-22,90.8635025024414,60.31776809692383,62.41822814941406,83.24136352539062,134.57347106933594,100.46824645996094,72.93611145019531
2018-07-29,91.16449737548828,60.68723678588867,61.68439102172852,85.1037826538086,134.48912048339844,100.80412292480467,72.87471771240234
2018-08-05,94.31500244140624,58.97838973999024,62.399295806884766,83.85071563720703,131.03103637695312,101.69982147216795,73.10995483398438
2018-08-12,94.11100006103516,56.80769729614258,60.57291793823242,87.09488677978516,132.85415649414062,100.37492370605467,73.13633728027344
2018-08-19,95.26950073242188,57.731388092041016,61.61414337158203,85.62728118896484,133.19151306152344,101.52922821044922,73.18025970458984
2018-08-26,100.635498046875,59.76354217529297,61.36753463745117,86.89710998535156,137.76148986816406,105.21012878417967,73.18903350830078
2018-09-02,97.60350036621094,57.26954650878906,58.66683197021485,89.59429168701172,138.8391876220703,101.35126495361328,73.0046157836914
2018-09-09,98.5094985961914,58.56272888183594,58.686256408691406,91.6085205078125,135.77597045898438,106.18419647216795,73.0667724609375
2018-09-16,95.75050354003906,56.74302673339844,58.39431381225586,89.81903839111328,141.29505920410156,107.01778411865234,73.0315933227539
2018-09-23,100.1500015258789,52.63999557495117,60.13600540161133,88.17656707763672,137.62435913085938,107.12083435058594,73.0843505859375
2018-09-30,94.48249816894533,61.452178955078125,58.18058776855469,90.24263763427734,139.244140625,105.02278137207033,72.90841674804688
2018-10-07,89.43049621582031,57.44240188598633,55.82463073730469,89.39545440673828,129.47311401367188,102.62508392333984,73.08171844482422
2018-10-14,88.20149993896484,58.56139755249024,55.05940246582031,92.13585662841795,130.53121948242188,101.77275848388672,73.08171844482422
2018-10-21,82.1405029296875,52.686614990234375,53.99177551269531,88.62606048583984,120.79930877685548,100.18049621582033,73.24027252197266
2018-10-28,83.27649688720703,43.314937591552734,53.38098907470703,91.4961395263672,125.93301391601562,99.43118286132812,73.02007293701172
2018-11-04,85.62149810791016,40.004520416259766,53.656494140625,93.86481475830078,131.34759521484375,102.62508392333984,73.15740203857422
2018-11-11,79.67050170898438,37.39350891113281,53.2205696105957,94.35755157470705,136.5074920654297,101.42620086669922,73.36044311523438
2018-11-18,75.10299682617188,35.29536819458008,51.318965911865234,91.81598663330078,128.5390625,96.95411682128906,73.38688659667969
2018-11-25,84.50849914550781,34.968994140625,55.28209686279297,94.25080871582033,136.72947692871094,104.3101043701172,73.47513580322266
2018-12-02,81.45649719238281,32.68435287475586,52.139984130859375,93.24127197265624,130.36380004882812,98.60026550292967,73.49281311035156
2018-12-09,79.59549713134766,33.103973388671875,52.39556121826172,93.8765640258789,128.95657348632812,99.73847198486328,73.65373992919922
2018-12-16,68.87249755859375,33.337093353271484,49.38348388671875,92.17083740234376,120.83512115478516,92.40129089355467,73.72445678710938
2018-12-23,73.9010009765625,35.06377029418945,52.14496994018555,92.51023864746094,124.5308837890625,94.4331283569336,74.00688934326172
2018-12-30,78.76950073242188,38.425418853759766,53.708797454833984,92.31877136230467,125.81322479248048,95.88174438476562,74.03343963623047
2019-01-06,82.02799987792969,41.74037170410156,53.03125762939453,92.76260375976562,126.3984603881836,96.70013427734376,74.02459716796875
2019-01-13,84.80999755859375,42.3006477355957,55.16502380371094,94.11153411865234,128.79876708984375,101.31879425048828,73.9626235961914
2019-01-20,83.52850341796875,42.76753616333008,54.87656784057617,90.76969909667967,128.82505798339844,100.81082153320312,74.01570892333984
2019-01-27,81.3115005493164,47.57656097412109,55.728981018066406,91.18742370605467,130.96885681152344,96.6812973022461,73.99803161621094
2019-02-03,79.41100311279297,45.8023567199707,54.9199104309082,94.35523223876952,131.40286254882812,99.39982604980467,74.24776458740234
2019-02-10,80.39749908447266,47.10966491699219,55.779296875,95.1645736694336,137.34762573242188,101.7985382080078,74.22116088867188
2019-02-17,81.5780029296875,47.48317337036133,55.62635040283203,95.9217300415039,138.6216583251953,104.38536071777344,74.29212951660156
2019-02-24,83.58650207519531,49.86806869506836,57.21857833862305,98.3123016357422,137.3900604248047,106.30481719970705,74.09697723388672
2019-03-03,81.04000091552734,46.51764297485352,57.29081726074219,97.44505310058594,133.01986694335938,104.39659881591795,74.40231323242188
2019-03-10,85.61799621582031,48.41404724121094,59.30002975463867,97.05086517333984,137.7807159423828,109.49785614013672,74.4645004272461
2019-03-17,88.2385025024414,48.5112533569336,60.164398193359375,98.11080932617188,135.51617431640625,110.5748062133789,74.66891479492188
2019-03-24,89.0374984741211,48.55986404418945,58.631954193115234,100.58987426757812,137.5820770263672,111.41556549072266,74.74888610839844
2019-03-31,91.86399841308594,48.65707015991211,60.35371017456055,101.5008773803711,142.6343231201172,113.25767517089844,74.53558349609375
2019-04-07,92.15299987792967,43.74762725830078,60.91567611694336,101.71112060546876,143.9652099609375,114.25904083251952,74.64557647705078
2019-04-14,93.08450317382812,45.448917388916016,61.84929275512695,102.45571899414062,144.93199157714844,116.545166015625,74.6900863647461
2019-04-21,97.53150177001952,46.5182991027832,63.64030075073242,109.64761352539062,126.9147720336914,122.70448303222656,74.8592758178711
2019-04-28,98.1230010986328,51.03889083862305,59.26266860961914,106.72178649902344,122.6438980102539,121.76923370361328,74.67227935791016
2019-05-05,94.4990005493164,49.24038696289063,58.17112350463867,111.14554595947266,116.44617462158205,120.09717559814452,74.94485473632812
2019-05-12,93.4499969482422,48.60847854614258,58.2279167175293,112.91500854492188,111.96338653564452,120.98518371582033,75.0608139038086
2019-05-19,91.16400146484376,45.93501663208008,56.7248649597168,114.04505920410156,109.9769287109375,119.69784545898438,75.1321792602539
2019-05-26,88.75350189208984,45.88639450073242,55.12516784667969,116.23405456542967,106.68394470214844,117.27052307128906,75.42654418945312
2019-06-02,90.20149993896484,48.5112533569336,53.22555160522461,121.56304931640624,111.2651596069336,124.59044647216795,75.43543243408203
2019-06-09,93.4834976196289,49.72646331787109,54.11881256103516,121.83609008789062,111.31861114501952,125.58604431152344,75.60436248779297
2019-06-16,95.56500244140624,50.941680908203125,56.06526184082031,120.78790283203124,115.76629638671876,129.87179565429688,75.73844909667969
2019-06-23,94.68150329589844,51.03889083862305,53.9444465637207,118.05733489990234,115.75958251953124,127.01774597167967,75.7741928100586
2019-06-30,97.14550018310548,51.088016510009766,56.42893981933594,121.7832260131836,114.86474609375,129.95713806152344,75.49713897705078
2019-07-07,100.5500030517578,50.45550155639648,57.060150146484375,120.82315063476562,115.75958251953124,131.70175170898438,75.68112182617188
2019-07-14,98.22599792480467,48.849884033203125,56.373146057128906,127.87857818603516,115.27208709716795,129.5399169921875,75.75272369384766
2019-07-21,97.15249633789062,51.13667297363281,62.03611755371094,134.74903869628906,116.18701934814452,134.0153350830078,75.72586822509766
2019-07-28,91.16200256347656,48.6552619934082,59.599945068359375,133.98275756835938,113.89637756347656,129.80540466308594,75.82438659667969
2019-08-04,90.37899780273438,44.51955795288086,59.23028564453125,136.95108032226562,109.16824340820312,130.57342529296875,76.08462524414062
2019-08-11,89.62850189208984,42.76796722412109,58.747535705566406,136.9158935546875,107.85263061523438,129.07533264160156,76.32685089111328
2019-08-18,87.48100280761719,38.77824020385742,57.47066879272461,138.31640625,105.03185272216795,126.89847564697266,76.31785583496094
2019-08-25,88.81449890136719,40.14059448242188,59.31148910522461,140.27662658691406,108.98777770996094,131.15090942382812,76.31785583496094
2019-09-01,91.67549896240234,42.37872695922852,60.098140716552734,140.71922302246094,110.48390197753906,132.3306121826172,76.14747619628906
2019-09-08,91.96700286865234,45.44400024414063,61.77755355834961,131.50494384765625,115.53838348388672,130.63722229003906,75.92790222167969
2019-09-15,89.70800018310547,45.63926315307617,61.26989364624024,136.2581024169922,112.38440704345705,132.654052734375,76.07166290283203
2019-09-22,86.27249908447266,44.03190994262695,61.07609558105469,136.11648559570312,110.8815460205078,131.0272979736328,76.17949676513672
2019-09-29,86.98249816894531,41.742637634277344,60.32929992675781,139.41802978515625,105.01162719726562,131.39830017089844,76.4131088256836
2019-10-06,86.59600067138672,42.862911224365234,60.56594467163086,137.47071838378906,106.54817199707033,132.88235473632812,76.29190826416016
2019-10-13,87.87550354003906,43.64223861694336,61.99576187133789,135.48802185058594,109.91781616210938,130.72286987304688,76.34590911865234
2019-10-20,88.06649780273438,43.83707809448242,62.98666763305664,126.84911346435548,111.93284606933594,133.88128662109375,76.282958984375
2019-10-27,89.5719985961914,50.55876922607422,63.38272857666016,126.63664245605467,114.62859344482422,136.7257843017578,76.282958984375
2019-11-03,89.29399871826172,56.1114501953125,65.2136001586914,124.77788543701172,116.69078826904295,138.8567352294922,76.26460266113281
2019-11-10,86.97450256347656,56.1114501953125,66.43616485595703,129.0088653564453,115.83490753173828,142.67161560058594,76.37281036376953
2019-11-17,87.28600311279297,56.25757598876953,64.44987487792969,129.97364807128906,112.95050048828124,142.31005859375,76.39083862304688
2019-11-24,90.04000091552734,54.89375305175781,64.96897888183594,131.8253936767578,115.40343475341795,144.50302124023438,76.41786193847656
2019-12-01,87.58000183105469,54.06571960449219,66.72760009765625,132.79518127441406,116.55904388427734,144.85623168945312,76.28270721435547
2019-12-08,88.0469970703125,55.23471832275391,67.10025787353516,130.9267120361328,114.73729705810548,147.5099334716797,76.4485855102539
2019-12-15,89.32499694824219,53.72476959228516,67.31696319580078,131.1847381591797,119.21015167236328,150.25912475585938,76.32215118408203
2019-12-22,93.48999786376952,54.50475311279297,67.48735809326172,131.34490966796875,120.49488067626952,151.7386932373047,76.51826477050781
2019-12-29,93.74849700927734,58.35616302490234,67.83010864257812,129.2450714111328,121.30379486083984,151.4141387939453,76.63581085205078
2020-01-05,94.15799713134766,56.89359664916992,71.18992614746094,131.79867553710938,122.67691802978516,154.0105743408203,76.59959411621094
2020-01-12,93.23600006103516,57.57612991333008,73.70880126953125,134.2188262939453,123.27508544921876,159.50889587402344,76.6629409790039
2020-01-19,93.08200073242188,57.0886116027832,73.04371643066406,137.62649536132812,121.0998764038086,157.54244995117188,76.75335693359375
2020-01-26,100.43599700927734,60.69625854492188,71.38024139404297,138.06251525878906,107.85128784179688,162.4967041015625,76.97947692871094
2020-02-02,103.96399688720705,62.54883193969727,73.6883773803711,138.84548950195312,108.81655883789062,175.5361328125,76.76239776611328
2020-02-09,106.74349975585938,62.54883193969727,75.66221618652344,142.6625518798828,109.44871520996094,176.9298095703125,76.90248107910156
2020-02-16,104.79850006103516,59.72122573852539,73.90508270263672,142.64471435546875,107.64130401611328,170.47689819335938,77.02023315429688
2020-02-23,94.1875,53.04219055175781,66.72063446044922,128.7351531982422,102.36656188964844,155.07252502441406,77.65430450439453
2020-03-01,95.05449676513672,45.82689666748047,64.55299377441406,139.73202514648438,105.39148712158205,154.65135192871094,78.08004760742188
2020-03-08,89.25,38.3083381652832,60.49420547485352,125.0248031616211,97.1810302734375,152.02867126464844,78.26656341552734
2020-03-15,92.30449676513672,31.8178825378418,53.21757888793945,105.2572250366211,85.66445922851562,131.46852111816406,78.45712280273438
2020-03-22,95.00499725341795,37.18592834472656,55.31248474121094,116.97832489013672,91.39188385009766,143.28965759277344,78.60221862792969
2020-03-29,95.32949829101562,32.842681884765625,54.43765640258789,124.96222686767578,91.76911926269533,147.24281311035156,78.57504272460938
2020-04-05,102.13800048828124,34.843509674072266,60.11059188842773,128.66363525390625,101.36514282226562,158.06849670410156,78.6712875366211
2020-04-12,118.75,33.37950134277344,63.71901321411133,130.9434814453125,100.45973205566406,170.95211791992188,78.698486328125
2020-04-19,120.51100158691406,30.54906845092773,63.59944915771485,121.35920715332033,100.83011627197266,167.07557678222656,78.6802978515625
2020-04-26,114.302001953125,31.72028350830078,65.62808990478516,118.49822235107422,101.9275894165039,167.09471130371094,78.65306091308594
2020-05-03,118.98049926757812,30.69546890258789,68.96699523925781,119.079345703125,101.86585235595705,176.7717742919922,78.77289581298828
2020-05-10,120.48899841308594,26.79143524169922,68.405029296875,116.56705474853516,95.1301498413086,175.3168487548828,78.79109954833984
2020-05-17,121.84400177001952,31.28108024597168,70.40676879882812,116.45974731445312,100.44601440429688,175.65187072753906,78.7547378540039
2020-05-24,122.11849975585938,32.0618782043457,71.4171142578125,122.02436065673828,108.36949920654295,175.89149475097656,78.77289581298828
2020-05-31,124.1500015258789,38.45474243164063,71.74092864990234,121.80850982666016,115.96865844726562,179.6829071044922,78.62747192382812
2020-06-07,127.2509994506836,35.38031005859375,70.39083099365234,116.1156234741211,107.28189849853516,180.2012176513672,78.7365493774414
2020-06-14,133.75050354003906,34.892303466796875,70.97471618652344,116.42141723632812,109.55403137207033,187.3136444091797,78.74559783935547
2020-06-21,134.64349365234375,31.6226806640625,67.88092041015625,113.1837158203125,105.6540069580078,188.44630432128903,78.78202819824219
2020-06-28,144.51499938964844,33.331790924072266,73.23103332519531,116.79014587402344,108.7851104736328,197.9775390625,78.74559783935547
2020-07-05,160.0,32.69642639160156,76.67256164550781,114.89248657226562,105.8826141357422,205.0899658203125,78.7829360961914
2020-07-12,148.09849548339844,34.55362701416016,75.56855773925781,122.67190551757812,110.71782684326172,194.73329162597656,78.8193359375
2020-07-19,150.44549560546875,33.52728271484375,75.13812255859375,131.01791381835938,110.72474670410156,193.21669006347656,78.8193359375
2020-07-26,158.23399353027344,29.666269302368164,74.12877655029297,130.7751007080078,104.23394012451172,196.77769470214844,78.86482238769531
2020-08-02,158.3730010986328,31.279098510742188,74.64790344238281,129.43504333496094,109.67874908447266,203.94775390625,78.80113220214844
2020-08-09,157.4010009765625,32.54981231689453,74.95977020263672,131.36866760253906,115.0611801147461,200.51153564453125,78.79197692871094
2020-08-16,164.23599243164062,30.839231491088867,78.49395751953125,132.59178161621094,112.0201416015625,204.46609497070312,78.80109405517578
2020-08-23,170.08999633789062,32.305450439453125,81.67542266845703,134.9177703857422,115.8009262084961,220.2490997314453,78.81930541992188
2020-08-30,164.7310028076172,31.376848220825195,78.77494049072266,134.5560302734375,115.87784576416016,206.14378356933597,78.75550842285156
2020-09-06,155.81100463867188,29.07978820800781,75.51425170898438,131.57196044921875,116.15740966796876,196.31051635742188,78.82748413085938
2020-09-13,147.74549865722656,33.625038146972656,72.29242706298828,125.62183380126952,118.52015686035156,192.8081970214844,78.82748413085938
2020-09-20,154.75650024414062,29.86176300048828,71.69310760498047,126.16441345214844,112.0331802368164,199.95709228515625,78.83660125732422
2020-09-27,156.25,31.281843185424805,72.5171127319336,129.23890686035156,112.09606170654295,198.3887634277344,78.80013275146484
2020-10-04,164.33250427246094,33.48479080200195,75.24971008300781,131.68951416015625,118.34540557861328,207.6447906494141,78.80011749267578
2020-10-11,163.635498046875,35.687740325927734,78.10187530517578,135.56883239746094,119.51278686523438,211.3491058349609,78.81834411621094
2020-10-18,160.22000122070312,37.352195739746094,81.35408782958984,132.33155822753906,118.69490051269533,208.04885864257807,78.79100036621094
2020-10-25,151.8074951171875,36.32413864135742,80.51362609863281,124.30158996582033,111.8164520263672,194.80950927734372,78.80924987792969
2020-11-01,165.56849670410156,39.60409164428711,87.66869354248047,135.0985870361328,113.95549774169922,215.2554931640625,78.76362609863281
2020-11-08,156.4405059814453,45.28279876708984,88.29293060302734,139.25830078125,118.68791961669922,208.3182830810547,78.75357055664062
2020-11-15,154.97000122070312,47.77946472167969,86.50540924072266,133.63369750976562,120.85489654541016,202.42984008789065,78.7900390625
2020-11-22,159.76699829101562,50.91254806518555,89.02826690673828,134.59620666503906,124.720703125,207.6288909912109,78.80831909179688
2020-11-29,158.12899780273438,53.26235580444336,90.85862731933594,137.15997314453125,121.59718322753906,206.78965759277344,78.78095245361328
2020-12-06,155.8209991455078,54.63308334350586,88.41947174072266,135.5598602294922,122.69710540771484,205.7284698486328,78.86579132080078
2020-12-13,160.08250427246094,52.919677734375,85.9992446899414,137.16905212402344,124.38927459716795,210.8702545166016,78.8201675415039
2020-12-20,158.63450622558594,52.18437576293945,86.39481353759766,136.3235626220703,123.04962921142578,214.88331604003903,78.849365234375
2020-12-27,162.84649658203125,52.91936874389648,87.31548309326172,138.4872589111328,123.24000549316406,214.56497192382807,78.85850524902344
2021-01-03,159.13499450683594,55.565338134765625,89.56681823730469,138.2145538330078,117.47953033447266,211.8638458251953,78.83113098144531
2021-01-10,155.21249389648438,55.51633071899414,86.0689926147461,134.96897888183594,116.72511291503906,205.13998413085935,78.83113098144531
2021-01-17,164.6114959716797,54.4383430480957,94.28620147705078,134.73255920410156,119.18582916259766,217.97027587890625,78.85850524902344
2021-01-24,160.30999755859375,52.33137130737305,91.03797149658205,132.22341918945312,123.85340881347656,223.7680511474609,78.87675476074219
2021-01-31,167.6074981689453,55.85932159423828,104.06426239013672,133.27796936035156,126.21542358398438,233.6463928222656,78.85850524902344
2021-02-07,163.885498046875,57.47630310058594,104.37313842773438,137.62362670898438,125.99685668945312,236.337890625,78.87674713134766
2021-02-14,162.4949951171875,58.89729309082031,104.06326293945312,135.3235321044922,125.49964141845705,232.45985412597656,78.87674713134766
2021-02-21,154.64649963378906,61.44526672363281,100.73033905029295,133.12181091308594,124.44749450683594,224.68951416015625,78.83110809326172
2021-02-28,150.0229949951172,66.63919830322266,104.47476959228516,137.44493103027344,128.52798461914062,223.93536376953125,78.77632141113281
2021-03-07,154.47450256347656,61.68671417236328,102.12977600097656,139.32772827148438,131.4568328857422,227.9480133056641,78.78726959228516
2021-03-14,153.7480010986328,64.82498168945312,100.98193359375,141.3933563232422,134.151123046875,222.72671508789065,78.80551147460938
2021-03-21,152.60150146484375,63.69718170166016,100.87083435058594,145.57022094726562,138.53724670410156,228.65382385253903,78.83292388916016
2021-03-28,158.0500030517578,65.11920166015625,106.10436248779295,145.10409545898438,136.98751831054688,234.3295745849609,78.76898956298828
2021-04-04,168.61000061035156,66.68833923339844,113.12342071533205,145.7804412841797,140.75521850585938,247.3827972412109,78.79549407958984
2021-04-11,169.9720001220703,65.65859985351562,113.72523498535156,147.14230346679688,141.16754150390625,252.11102294921875,78.81372833251953
2021-04-18,167.04400634765625,66.44317626953125,114.58113098144533,147.54443359375,143.74090576171875,252.50743103027344,78.81372833251953
2021-04-25,173.37100219726562,64.33464050292969,117.2499542236328,150.1675567626953,140.1438446044922,243.83425903320312,78.83203887939453
2021-05-02,164.58050537109375,65.21728515625,117.17173767089844,153.99716186523438,144.35939025878906,244.10499572753903,78.85945129394531
2021-05-09,161.14500427246094,65.02113342285156,113.5075225830078,156.39181518554688,145.29066467285156,239.9376220703125,78.84297943115234
2021-05-16,160.1540069580078,64.87400817871094,114.29217529296876,158.8138427734375,143.4992218017578,237.05625915527344,78.84297943115234
2021-05-23,161.15350341796875,68.94396209716797,117.4168472290039,158.9065399169922,145.4002227783203,241.9744110107422,78.87955474853516
2021-05-30,160.31100463867188,68.4536361694336,119.2462158203125,160.60531616210938,147.5557403564453,243.05018615722656,78.86125183105469
2021-06-06,167.3415069580078,67.12966918945312,121.07111358642578,160.51351928710938,145.2355194091797,249.9311065673828,78.8722152709961
2021-06-13,174.34500122070312,62.66742706298828,119.67715454101562,156.5557403564453,137.2078399658203,251.4235382080078,78.69860076904297
2021-06-20,170.072998046875,64.53077697753906,122.06600189208984,160.80734252929688,139.46360778808594,256.8409729003906,78.70773315429688
2021-06-27,175.5489959716797,65.56135559082031,124.80506896972656,159.7788848876953,143.14447021484375,269.0812683105469,78.75341033935547
2021-07-04,185.9669952392578,64.57989501953125,125.06513214111328,162.3041229248047,143.93934631347656,269.3622741699219,78.81103515625
2021-07-11,178.68150329589844,61.58644104003906,126.51138305664062,165.279296875,142.77210998535156,272.0856018066406,78.78358459472656
2021-07-18,182.83200073242188,62.3716049194336,132.5345458984375,164.60897827148438,143.5741424560547,280.73028564453125,78.8475570678711
2021-07-25,166.37950134277344,63.549354553222656,134.2398681640625,164.26004028320312,141.748046875,276.1171875,78.87499237060547
2021-08-01,167.2469940185547,64.11368560791016,135.24819946289062,163.9936981201172,141.88412475585938,280.5267333984375,78.80187225341797
2021-08-08,164.69850158691406,64.35905456542969,137.2300262451172,164.73751831054688,143.63858032226562,283.8121337890625,78.80368041992188
2021-08-15,159.99749755859375,61.37174224853516,136.93310546875,165.31605529785156,139.04110717773438,294.9669494628906,78.80368041992188
2021-08-22,167.48150634765625,65.07675170898438,143.48385620117188,162.08920288085938,140.74472045898438,291.0262451171875,78.84024047851562
2021-08-29,173.90249633789062,64.25479888916016,143.22032165527344,164.26724243164062,140.2684783935547,292.4049987792969,78.83112335205078
2021-09-05,173.45750427246094,62.56789779663086,140.36715698242188,161.5631561279297,133.16807556152344,287.13250732421875,78.82469940185547
2021-09-12,173.12600708007812,61.6293830871582,140.29144287109375,161.57241821289062,130.96005249023438,291.171875,78.80641174316406
2021-09-19,171.2760009765625,63.67203140258789,141.70132446289062,160.6217803955078,130.63531494140625,290.6669311523437,78.72413635253906
2021-09-26,164.16299438476562,64.96159362792969,136.04981994628906,157.61314392089844,127.48922729492188,280.7142333984375,78.79727935791016
2021-10-03,164.43099975585938,64.28633117675781,139.28060913085938,164.04576110839844,127.6840362548828,286.2974548339844,78.69759368896484
2021-10-10,170.4510040283203,64.09602355957031,140.8573760986328,165.76235961914062,131.2847442626953,295.385986328125,78.59700012207031
2021-10-17,166.77749633789062,63.8750228881836,137.06961059570312,168.06036376953125,130.46214294433594,300.19244384765625,78.4873046875
2021-10-24,168.6215057373047,64.3783950805664,147.51126098632812,161.83078002929688,128.93238830566406,322.0008850097656,78.50556945800781
2021-10-31,175.94949340820312,66.75415802001953,148.31434631347656,161.86770629882812,131.18373107910156,326.3121032714844,78.63359832763672
2021-11-07,176.25750732421875,66.04817962646484,148.14096069335938,163.9904022216797,132.52586364746094,326.9530029296875,78.45162200927734
2021-11-14,183.82850646972656,61.36422348022461,148.38858032226562,165.50396728515625,129.32925415039062,333.1576538085937,78.44246673583984
2021-11-21,175.22799682617188,60.062782287597656,141.66943359375,165.03195190429688,127.68289947509766,320.702880859375,78.48817443847656
2021-11-28,169.489501953125,56.95037078857422,141.4886016845703,166.5995330810547,125.55145263671876,314.2144470214844,78.36930084228516
2021-12-05,172.21200561523438,59.51642608642578,147.4669189453125,172.99972534179688,128.83226013183594,333.21270751953125,78.2868881225586
2021-12-12,170.0175018310547,56.14003753662109,141.2130889892578,174.02931213378906,127.1227569580078,314.9828796386719,78.323486328125
2021-12-19,171.06849670410156,57.705448150634766,146.38583374023438,174.80845642089844,127.2828140258789,325.57635498046875,78.2942123413086
2021-12-26,166.7169952392578,58.04475784301758,144.32879638671875,179.45556640625,129.21783447265625,327.1620483398437,78.2942123413086
2022-01-02,162.5540008544922,62.3027229309082,136.5220947265625,181.6631774902344,130.90553283691406,305.4887084960937,78.0654067993164
2022-01-09,162.13800048828125,63.38411331176758,138.97669982910156,185.0765686035156,130.0253143310547,301.7532958984375,77.9555435180664
2022-01-16,142.64300537109375,59.16915893554688,129.88067626953125,185.8372039794922,125.59510040283205,287.9691162109375,77.9189224243164
2022-01-23,143.97799682617188,56.588565826416016,132.86932373046875,182.5721740722656,118.64788818359376,299.8661193847656,77.7541732788086
2022-01-30,157.63949584960938,60.8342399597168,142.7754364013672,188.0911407470703,116.923828125,297.6092529296875,77.52532958984375
2022-02-06,153.2935028076172,59.49479675292969,133.7974853515625,190.3265838623047,116.05818939208984,287.0061340332031,77.31745147705078
2022-02-13,152.60150146484375,56.95107269287109,129.93199157714844,187.9149169921875,107.38690185546876,280.0897521972656,77.3357925415039
2022-02-20,153.7884979248047,59.212162017822266,133.9738311767578,190.3660125732422,110.54764556884766,289.81231689453125,77.28083801269531
2022-02-27,145.64100646972656,54.769866943359375,131.43003845214844,198.28549194335935,107.7712631225586,282.5501708984375,77.39985656738281
2022-03-06,145.52450561523438,56.699161529541016,129.4014129638672,190.71072387695312,103.53329467773438,273.0070495605469,77.08390045166016
2022-03-13,161.25050354003906,58.7856674194336,135.63381958007812,192.61143493652344,108.9391098022461,292.8536071777344,76.79084014892578
2022-03-20,164.77349853515625,57.820159912109375,141.16127014160156,199.7296295166016,110.51091766357422,296.0216064453125,76.31460571289062
2022-03-27,163.55999755859375,56.879241943359375,139.64427185058594,203.82911682128903,109.94535064697266,301.61688232421875,76.14061737060547
2022-04-03,154.4604949951172,55.18805694580078,132.8060760498047,208.4410858154297,110.03350067138672,289.4808349609375,76.10020446777344
2022-04-10,151.7064971923828,55.85837936401367,126.27225494384766,210.54673767089844,108.24868774414062,272.7731018066406,76.21017456054688
2022-04-17,144.35000610351562,54.7760124206543,119.20337677001952,208.83241271972656,109.56341552734376,267.11932373046875,75.93531036376953
2022-04-24,124.28150177001952,45.84655380249024,113.69733428955078,210.35110473632807,105.9277114868164,270.5213317871094,75.95362854003906
2022-05-01,114.77249908447266,48.10966873168945,115.32842254638672,210.61196899414065,109.82784271240234,267.8016662597656,75.93531036376953
2022-05-08,113.05500030517578,46.15403747558594,115.63133239746094,210.48150634765625,109.6589126586914,254.534912109375,76.21395874023438
2022-05-15,107.59100341796876,46.27703857421875,108.5146255493164,192.8443298339844,105.64125061035156,246.19078063964844,76.29646301269531
2022-05-22,115.14649963378906,48.43561172485352,111.91082000732422,198.95291137695312,110.92288970947266,266.9696960449219,76.52566528320312
2022-05-29,122.3499984741211,47.33480453491211,114.12727355957033,195.74327087402344,108.2965316772461,263.82354736328125,76.19564819335938
2022-06-05,109.6500015258789,43.80482482910156,110.7599868774414,199.6453857421875,102.12385559082033,247.18435668945312,75.73219299316406
2022-06-12,106.22000122070312,40.588497161865234,106.75650024414062,192.79559326171875,96.3295440673828,241.9668731689453,75.57622528076172
2022-06-19,116.45999908447266,41.25267028808594,117.5488739013672,206.76657104492188,99.66072082519533,261.5567932128906,75.81472778320312
2022-06-26,109.55999755859376,39.07565689086914,108.34474182128906,206.8040008544922,95.32796478271484,253.6231384277344,76.10832977294922
2022-07-03,115.54000091552734,38.94374847412109,118.92239379882812,205.67172241210935,95.49861145019533,261.5177001953125,75.81368255615234
2022-07-10,113.5500030517578,38.70362091064453,111.3737564086914,202.87376403808597,96.5447006225586,250.8287353515625,75.8228759765625
2022-07-17,122.41999816894533,41.9853630065918,107.51026916503906,202.05030822753903,99.50489807128906,254.3851776123047,76.08918762207031
2022-07-24,134.9499969482422,45.50723648071289,115.8998565673828,213.3169403076172,106.2711181640625,274.2975769042969,76.26366424560547
2022-07-31,140.8000030517578,45.784297943115234,117.0457000732422,212.52151489257807,109.36488342285156,276.4177551269531,75.73104858398438
2022-08-07,143.5500030517578,49.21381759643555,121.24049377441406,211.25823974609372,112.94831085205078,285.2112121582031,75.8757095336914
2022-08-14,138.22999572753906,47.85309600830078,116.78663635253906,218.2016143798828,107.72525787353516,279.5833740234375,75.86654663085938
2022-08-21,130.75,46.3446044921875,109.9414520263672,214.947509765625,96.7934341430664,262.4938659667969,75.74703979492188
2022-08-28,127.51000213623048,44.595977783203125,107.46044921875,210.6047515869141,91.17951202392578,250.7149200439453,75.66429901123047
2022-09-04,133.27000427246094,45.5872802734375,110.25033569335938,212.67269897460935,92.2663345336914,258.9395751953125,75.544677734375
2022-09-11,123.52999877929688,40.8770866394043,102.4286880493164,206.6943817138672,87.40191650390625,239.6312255859375,75.16732025146484
2022-09-18,113.77999877929688,39.744171142578125,98.38335418701172,210.50132751464844,84.68864440917969,232.9535980224609,74.7531509399414
2022-09-25,113.0,38.11870193481445,95.30451202392578,207.2395782470703,82.82234191894531,228.0383758544922,74.74393463134766
2022-10-02,114.55999755859376,39.79965972900391,98.32357025146484,207.2865753173828,80.5887451171875,229.35040283203125,74.57826232910156
2022-10-09,106.9000015258789,41.655250549316406,96.21121978759766,209.3451385498047,85.1683349609375,223.7889709472656,74.50247192382812
2022-10-16,119.31999969482422,44.89174270629883,100.76470947265624,214.5245361328125,87.55181884765625,237.0659027099609,74.59463500976562
2022-10-23,103.41000366210938,48.28852081298828,95.94220733642578,225.55999755859372,94.8896484375,230.9463653564453,74.7605209350586
2022-10-30,90.9800033569336,49.9776725769043,86.26728057861328,215.2859039306641,93.57049560546876,216.76866149902344,74.35502624511719
2022-11-06,100.79000091552734,53.2080078125,96.06177520751952,205.74497985839844,99.67162322998048,241.9517517089844,75.00167083740234
2022-11-13,94.13999938964844,52.69633483886719,97.07808685302734,211.6951446533203,95.00959014892578,236.18472290039065,74.84473419189453
2022-11-20,93.41000366210938,54.33615112304688,97.10797119140624,220.7569274902344,97.85099029541016,243.0067138671875,74.95551300048828
2022-11-27,94.12999725341795,53.55939483642578,100.07721710205078,221.6729736328125,96.29647827148438,250.4003448486328,75.15863800048828
2022-12-04,89.08999633789062,50.21192932128906,92.49470520019533,223.5995178222656,95.36376953125,240.97422790527344,75.22799682617188
2022-12-11,87.86000061035156,47.86931991577149,89.9339828491211,221.92794799804688,92.27748107910156,240.2574462890625,75.32975006103516
2022-12-18,85.25,50.47024917602539,88.90770721435547,222.75900268554688,91.10214233398438,234.4053955078125,75.39540100097656
2022-12-25,84.0,51.70439147949219,87.91132354736328,218.6887664794922,90.935302734375,235.47569274902344,75.25633239746094
2023-01-01,86.08000183105469,56.86627578735352,87.02452087402344,213.0980529785156,96.09174346923828,220.8554229736328,75.58081817626953
2023-01-08,98.12000274658205,63.395545959472656,91.78726959228516,214.004638671875,98.2073974609375,234.8963623046875,75.69208526611328
2023-01-15,97.25,61.403564453125,97.66594696044922,202.587158203125,91.48886108398438,235.86843872070312,75.82188415527344
2023-01-22,102.23999786376952,65.7906723022461,99.01107788085938,206.59132385253903,87.39403533935547,243.66458129882807,75.77552795410156
2023-01-29,103.38999938964844,64.78675079345703,104.40153503417967,223.13674926757807,89.0926284790039,253.67002868652344,75.56230163574219
2023-02-05,97.61000061035156,64.25715637207031,94.22840881347656,225.7998809814453,86.35517120361328,258.3339538574219,75.46145629882812
2023-02-12,97.1999969482422,65.64046478271484,94.00920104980467,227.3014373779297,85.68028259277344,253.38522338867188,75.40572357177734
2023-02-19,93.5,66.04362487792969,88.80806732177734,226.71340942382807,82.82704162597656,245.3183135986328,75.18276977539062
2023-02-26,94.9000015258789,68.28062438964844,93.31173706054688,226.1252899169922,85.48550415039062,251.29327392578125,75.0156021118164
2023-03-05,90.7300033569336,71.93258666992188,90.30264282226562,225.4993133544922,79.95344543457031,244.69818115234372,75.58477020263672
2023-03-12,98.9499969482422,71.43753051757812,101.2529525756836,230.6307830810547,79.15438079833984,275.0553283691406,76.57133483886719
2023-03-19,98.12999725341795,72.29203033447266,105.05915832519533,235.09825134277344,77.70989227294922,276.1775207519531,76.80400848388672
2023-03-26,103.29000091552734,75.63880157470703,103.35533142089844,241.3110198974609,80.76021575927734,283.7864685058594,76.4689712524414
2023-04-02,102.05999755859376,74.05640411376953,108.02838897705078,246.4898834228516,78.03260040283203,287.03485107421875,76.64579010009766
2023-04-09,102.51000213623048,75.51220703125,108.4767608642578,243.084716796875,81.26730346679688,281.6603698730469,76.48761749267578
2023-04-16,106.95999908447266,78.7323989868164,105.02926635742188,247.41943359375,80.2761459350586,281.2862854003906,76.43165588378906
2023-04-23,105.4499969482422,78.30514526367188,106.95227813720705,259.0007629394531,81.61305236816406,302.44970703125,76.65553283691406
2023-04-30,105.66000366210938,79.30996704101562,105.18868255615234,261.15386962890625,79.4079360961914,305.7865600585937,76.6834945678711
2023-05-07,110.26000213623048,78.17063903808594,117.08555603027344,260.4425354003906,77.04143524169922,304.1329040527344,76.82473754882812
2023-05-14,116.25,82.49060821533203,122.31658935546876,252.3422088623047,76.08869934082031,313.356201171875,76.46011352539062
2023-05-21,120.11000061035156,81.28797912597656,124.15990447998048,245.40098571777344,75.61505126953125,328.3947448730469,76.14224243164062
2023-05-28,124.25,83.70904541015625,124.21968841552734,248.43849182128903,79.9753646850586,330.8708801269531,76.08612823486328
2023-06-04,123.43000030517578,84.10466003417969,121.78851318359376,243.59182739257807,77.92390441894531,322.3771057128906,76.1763687133789
2023-06-11,125.48999786376952,84.09674072265625,123.08381652832033,248.25762939453125,81.54319763183594,337.7072448730469,76.11077117919922
2023-06-18,129.3300018310547,82.11082458496094,121.89810180664062,246.70553588867188,78.56352996826172,330.4959716796875,76.1201400756836
2023-06-25,130.36000061035156,86.91342163085938,119.26763916015624,237.7643585205078,78.07211303710938,335.94146728515625,75.9889144897461
2023-07-02,129.77999877929688,85.66332244873047,119.0484390258789,231.3655548095703,75.88806915283203,332.6662292480469,75.72649383544922
2023-07-09,134.67999267578125,87.25362396240234,124.96698760986328,227.45201110839844,79.79595947265625,340.57794189453125,76.26705932617188
2023-07-16,130.0,87.35774993896484,119.58648681640624,234.8506317138672,81.37939453125,339.1278076171875,76.23885345458984
2023-07-23,132.2100067138672,90.57239532470705,132.1011199951172,224.3764190673828,87.26853942871094,333.8007507324219,76.20127868652344
2023-07-30,139.57000732421875,89.51931762695312,127.64727020263672,217.32061767578125,82.29981994628906,323.35369873046875,76.17308044433594
2023-08-06,138.41000366210938,90.73867797851562,129.09202575683594,212.88336181640625,81.5510025024414,316.6751708984375,76.27847290039062
2023-08-13,133.22000122070312,88.51375579833984,126.9996109008789,208.3223419189453,78.00970458984375,312.20635986328125,76.31617736816406
2023-08-20,133.25999450683594,88.6562728881836,129.41087341308594,208.05247497558597,78.33717346191406,319.29315185546875,76.24079132080078
2023-08-27,138.1199951171875,90.45362854003906,135.1699981689453,204.7398834228516,84.670654296875,324.9082946777344,76.29730224609375
2023-09-03,138.22999572753906,88.45833587646484,135.8874053955078,200.1251983642578,84.10855102539062,330.4542236328125,76.41571807861328
2023-09-10,140.38999938964844,91.443359375,136.90370178222656,203.31336975097656,80.00763702392578,326.45050048828125,76.4062728881836
2023-09-17,129.1199951171875,88.086181640625,129.77952575683594,199.08164978027344,76.82505798339844,313.3913269042969,76.4062728881836
2023-09-24,127.12000274658205,87.53192901611328,130.38734436035156,191.55648803710935,74.11750030517578,312.1456298828125,76.47238159179688
2023-10-01,127.95999908447266,88.32389068603516,137.08306884765625,186.73118591308597,69.98491668701172,323.5242919921875,76.32125854492188
2023-10-08,129.7899932861328,86.6678695678711,136.86386108398438,182.72923278808597,70.20658111572266,323.9889221191406,76.63240814208984
2023-10-15,125.16999816894533,84.05309295654297,135.11021423339844,182.8058319091797,68.52029418945312,322.9410705566406,76.64189147949219
2023-10-22,127.73999786376952,84.26702880859375,121.72872161865234,176.2667999267578,69.28822326660156,326.045166015625,76.78392028808594
2023-10-29,138.60000610351562,86.30339050292969,128.6337127685547,179.9815216064453,74.3074951171875,348.7727355957031,76.89755249023438
2023-11-05,143.55999755859375,91.33485412597656,132.111083984375,183.3228454589844,73.47623443603516,365.4501953125,76.9170150756836
2023-11-12,145.17999267578125,95.0272216796875,134.82125854492188,187.65028381347656,75.47920227050781,365.6281127929688,77.18289947509766
2023-11-19,146.74000549316406,95.05891418457033,136.1962890625,184.6388397216797,77.15750885009766,373.87884521484375,77.19241333007812
2023-11-26,147.02999877929688,97.06358337402344,131.38372802734375,183.9645538330078,80.29367065429688,370.9863586425781,77.52474975585938
2023-12-03,147.4199981689453,95.5501708984375,134.50241088867188,178.9170684814453,83.12423706054688,370.708984375,77.60759735107422
2023-12-10,149.97000122070312,97.64199829101562,132.1210479736328,175.03509521484375,86.02719116210938,367.241943359375,77.82666778564453
2023-12-17,153.4199981689453,100.38355255126952,140.97894287109375,175.8153533935547,85.50450897216797,371.0556945800781,78.30377197265625
2023-12-24,151.94000244140625,101.12836456298828,139.18544006347656,179.59133911132812,87.90888977050781,372.5019836425781,78.38978576660156
